[
{"Hotelname": "Kempinski Hotel Bristol Berlin", "Address": "Kurfürstendamm 27, Charlottenburg-Wilmersdorf, 10719 Berlin, Germany", "ClassificationStars": "5", "Reviewpoints": "9.3/10 ", "Numberofreviews": "1401", "Description": " This 5-star hotel on Berlin’s Kurfürstendamm shopping street offers elegant rooms, an indoor pool and great public transport links. It is 600 metres from the Gedächtniskirche Church and Berlin Zoo. Kempinski Hotel Bristol Berlin offers air-conditioned rooms with large windows, modern bathrooms and international TV channels. Bathrobes are provided. Free WiFi is available in all areas and high-speed WiFi access can be booked at an additional cost. Gourmet cuisine is served in the popular Kempinski Grill. Reinhard's brasserie offer light cuisine and a terrace overlooking Kurfürstendamm. Guests can enjoy drinks in the Gobelin Halle lounge or in the Bristol Bar. Kempinski Bristol Berlin’s spa includes a sauna, steam room and gym. Massages and beauty treatments can also be booked here. The hotel's business centre can be used free of charge. Uhlandstraße Underground Station is just outside the Kempinski’s front door. The KaDeWe shopping mall is 2 stops away. \n \n We speak your language! \nThis property has been on Booking.com since 17 May 2010. \nHotel Rooms: 301, \nHotel Chain:\nKempinski\n", "Roomcategories": ["The most recent booking for this hotel was made on 22 Dec at 11:04 from Belgium.", {"Max": "2", "Room type": "Suite with Balcony", "": "Show prices"}, {"Max": "2", "Room type": "Classic Double or Twin Room", "": "Show prices"}, {"Max": "3", "Room type": "Superior Double or Twin Room", "": "Show prices"}, {"Max": "2", "Room type": "Deluxe Double Room", "": "Show prices"}, {"Max": "2", "Room type": "Deluxe Business Suite", "": "Show prices"}, {"Max": "3", "Room type": "Junior Suite", "": "Show prices"}, {"Max": "3", "Room type": "Family Room", "": "Show prices"}], "Alternativehotels": ["Customers who viewed Kempinski Hotel Bristol Berlin also viewed:", [{"Alternative Hotel Name": "Hotel Adlon Kempinski Berlin", "Alternative Hotel Ratings": "5-star hotel", "Alternative Hotel Description": "The quintessence of luxury lodging, the Adlon is a legendary 5-star hotel situated in Berlin’s Mitte, beside the Brandenburg Gate. ", "Alternative Hotel People Viewing": "There are 21 people looking at this hotel.", "Alternative Hotel Score": " Score from  1933 reviews  Superb 8.3 / 10", "Book now": "http://www.booking.com/hotel/de/adlon-kempinski-berlin.en-gb.html?label=gen173nr-15CAsoO0IWa2VtcGluc2tpYnJpc3RvbGJlcmxpbkguYgVub3JlZmg7iAEBmAEuuAEEyAEE2AED6AEB;sid=76794d5ed9a9673c09a746b2d3e1a5bd;dcid=4;fs=1;shid=60664;"}, {"Alternative Hotel Name": "Grand Hyatt Berlin", "Alternative Hotel Ratings": "5-star hotel", "Alternative Hotel Description": "This 5-star hotel has a large rooftop spa and pool with spectacular views of Berlin. ", "Alternative Hotel People Viewing": "There are 8 people looking at this hotel.", "Alternative Hotel Score": " Score from  1933 reviews  Superb 8.3 / 10 Score from  1460 reviews  Superb 8.3 / 10", "Book now": "http://www.booking.com/hotel/de/grand-hyatt-berlin.en-gb.html?label=gen173nr-15CAsoO0IWa2VtcGluc2tpYnJpc3RvbGJlcmxpbkguYgVub3JlZmg7iAEBmAEuuAEEyAEE2AED6AEB;sid=76794d5ed9a9673c09a746b2d3e1a5bd;dcid=4;fs=1;shid=60664;"}, {"Alternative Hotel Name": "Sofitel Berlin Kurfürstendamm", "Alternative Hotel Ratings": "5-star hotel", "Alternative Hotel Description": "Just 100 metres from the Kurfürstendamm boulevard, this 5-star design hotel offers air-conditioned rooms, free Wi-Fi and a French restaurant. Guests have free use of the spa and gym. ", "Alternative Hotel People Viewing": "There are 4 people looking at this hotel.", "Alternative Hotel Score": " Score from  1933 reviews  Superb 8.3 / 10 Score from  1460 reviews  Superb 8.3 / 10 Score from  1497 reviews  Superb 8.3 / 10", "Book now": "http://www.booking.com/hotel/de/sofitelhotelberlin-berlin.en-gb.html?label=gen173nr-15CAsoO0IWa2VtcGluc2tpYnJpc3RvbGJlcmxpbkguYgVub3JlZmg7iAEBmAEuuAEEyAEE2AED6AEB;sid=76794d5ed9a9673c09a746b2d3e1a5bd;dcid=4;fs=1;shid=60664;"}, {"Alternative Hotel Name": "Hilton Berlin", "Alternative Hotel Ratings": "Estimated rating: 5/5", "Alternative Hotel Description": "This centrally located hotel on Berlin’s historic Gendarmenmarkt Square features luxurious rooms, an exclusive spa and 2 restaurants with stunning views of the German Cathedral. ", "Alternative Hotel People Viewing": "There are 6 people looking at this hotel.", "Alternative Hotel Score": " Score from  1933 reviews  Superb 8.3 / 10 Score from  1460 reviews  Superb 8.3 / 10 Score from  1497 reviews  Superb 8.3 / 10 Score from  2700 reviews  Very good 8.3 / 10", "Book now": "http://www.booking.com/hotel/de/hilton-berlin.en-gb.html?label=gen173nr-15CAsoO0IWa2VtcGluc2tpYnJpc3RvbGJlcmxpbkguYgVub3JlZmg7iAEBmAEuuAEEyAEE2AED6AEB;sid=76794d5ed9a9673c09a746b2d3e1a5bd;dcid=4;fs=1;shid=60664;"}], [{"View more hotels in Berlin": "http://www.booking.com/city/de/berlin.en-gb.html?label=gen173nr-15CAsoO0IWa2VtcGluc2tpYnJpc3RvbGJlcmxpbkguYgVub3JlZmg7iAEBmAEuuAEEyAEE2AED6AEB;sid=76794d5ed9a9673c09a746b2d3e1a5bd;dcid=4;thm=hotel&"}, {"View more luxury hotels in Berlin": "http://www.booking.com/luxury/city/de/berlin.en-gb.html?label=gen173nr-15CAsoO0IWa2VtcGluc2tpYnJpc3RvbGJlcmxpbkguYgVub3JlZmg7iAEBmAEuuAEEyAEE2AED6AEB;sid=76794d5ed9a9673c09a746b2d3e1a5bd;dcid=4"}, {"View more spa hotels in Berlin": "http://www.booking.com/spa/city/de/berlin.en-gb.html?label=gen173nr-15CAsoO0IWa2VtcGluc2tpYnJpc3RvbGJlcmxpbkguYgVub3JlZmg7iAEBmAEuuAEEyAEE2AED6AEB;sid=76794d5ed9a9673c09a746b2d3e1a5bd;dcid=4"}, {"View more business hotels in Berlin": "http://www.booking.com/business/city/de/berlin.en-gb.html?label=gen173nr-15CAsoO0IWa2VtcGluc2tpYnJpc3RvbGJlcmxpbkguYgVub3JlZmg7iAEBmAEuuAEEyAEE2AED6AEB;sid=76794d5ed9a9673c09a746b2d3e1a5bd;dcid=4"}, {"View more romantic hotels in Berlin": "http://www.booking.com/romantic/city/de/berlin.en-gb.html?label=gen173nr-15CAsoO0IWa2VtcGluc2tpYnJpc3RvbGJlcmxpbkguYgVub3JlZmg7iAEBmAEuuAEEyAEE2AED6AEB;sid=76794d5ed9a9673c09a746b2d3e1a5bd;dcid=4"}]]}
]